,Images SerApi Links
0,https://encrypted-tbn0.gstatic.com/licensed-image?q=tbn:ANd9GcTYY8nKZGshOZPx3NQiiyQr1NZWQuXZ6wUzhVoD-FIo3sUIhXJh0ksc3cjAR9cNflvwsbBPnaEG&s=19
1,https://encrypted-tbn0.gstatic.com/images?q=tbn:ANd9GcRZzXurVuuOovWpGK9OT-8S8Eo3qeAdkf3gF6iDoAmGbjziZjpXamR6&s=0
2,https://encrypted-tbn0.gstatic.com/images?q=tbn:ANd9GcSEm5_VUCfSBe9Bgs2SZ425Jei-Nje7rfNS_kWNhIov8QjzyOdQHfQD&s=0
3,https://encrypted-tbn0.gstatic.com/images?q=tbn:ANd9GcRO4TXzfLlILUyLnsqg__8fDbFjQ3bRoy6LBawGuVSB7c_aPaGCi_XJ&s=0
4,https://encrypted-tbn0.gstatic.com/images?q=tbn:ANd9GcTjC-6hKMV4_IAtbaUgMScUHd8XBjHWJC1qTm4VPKXodPyT0UJCN9Pf&s=0
5,https://encrypted-tbn0.gstatic.com/licensed-image?q=tbn:ANd9GcSmnUGdnBQYQKMJdOGQchHFDoAbBrMhwuP_2zSwPF-SHbbKldEc9MexgAvAVM3n6Uzjk-hOYg5a&s=19
6,https://encrypted-tbn0.gstatic.com/images?q=tbn:ANd9GcRIF1giOxoKaC2xIoywtTSbJmtPy9wGkr9Soj2KM0eebeZ-K7wggUFM&s=0
7,https://encrypted-tbn0.gstatic.com/images?q=tbn:ANd9GcSLg0lB0I6JB_m64RjugyymG9Sw51H5LShEYompKi_INVQc-m-kSz4d&s=0
8,https://encrypted-tbn0.gstatic.com/licensed-image?q=tbn:ANd9GcSUI6Llt59FpJY6feO4i8vfcXk1IB2wEMMXz9xrJzpuZ9jzhbHUwUQrPpohHQR2WakCdWcXnn0G&s=19
9,https://encrypted-tbn0.gstatic.com/licensed-image?q=tbn:ANd9GcQ8oTnQHZyemS_HkbSfNgFtPj-FOvvUde4nNYlxG4mIaP_AQu4ZJD9rxnYQj2C17TAryGGml4Na&s=19
10,https://encrypted-tbn0.gstatic.com/images?q=tbn:ANd9GcTpB3fpMuBxwUaceH7T77aHiX2M1d0z2kEsYjpb7zX5OR_eooe_Fj6F&s=0
