,List of words
0,  a  
1,  able  
2,  about  
3,  above  
4,  absence  
5,  accept  
6,  accident  
7,  accidentally  
8,  accommodate  
9,  accuse  
10,  accused  
11,  achieve  
12,  achieved  
13,  acknowledge  
14,  acknowledged  
15,  acquire  
16,  acquired  
17,  act  
18,  action  
19,  adapt  
20,  adapted  
21,  add  
22,  added  
23,  adjust  
24,  admire  
25,  admit  
26,  adopt  
27,  adopted  
28,  adore  
29,  adores  
30,  advertise  
31,  advertisement  
32,  advice  
33,  advise  
34,  advised  
35,  afford  
36,  afraid  
37,  after  
38,  again  
39,  against  
40,  ago  
41,  agree  
42,  ahukewiao  
43,  ahukewjfmjsg  
44,  ahukewjipkna  
45,  ahukewjuy  
46,  ahvlclcahzk  
47,  ahvm  
48,  ahwmldgfhddealgq  
49,  ahwzm  
50,  aim  
51,  airport  
52,  album  
53,  align  
54,  alive  
55,  all  
56,  allow  
57,  allowed  
58,  almost  
59,  alone  
60,  alphabetical  
61,  already  
62,  also  
63,  always  
64,  am  
65,  amazon  
66,  amongst  
67,  amp  
68,  an  
69,  ancient  
70,  and  
71,  angle  
72,  animal  
73,  anna  
74,  announce  
75,  announced  
76,  annuity  
77,  another  
78,  answer  
79,  antenna  
80,  anticipate  
81,  any  
82,  anybody  
83,  anymore  
84,  anything  
85,  aoeq  
86,  aovvaw  
87,  ap  
88,  apologize  
89,  appear  
90,  appears  
91,  apple  
92,  apples  
93,  application  
94,  applied  
95,  apply  
96,  applying  
97,  appolozy  
98,  appreciate  
99,  approach  
100,  approached  
101,  appropriately  
102,  approve  
103,  architecture  
104,  are  
105,  aren  
106,  argue  
107,  arise  
108,  arisen  
109,  around  
110,  arrange  
111,  arranged  
112,  arrive  
113,  arrived  
114,  arrow  
115,  as  
116,  ask  
117,  asked  
118,  asking  
119,  asks  
120,  assign  
121,  assistance  
122,  associates  
123,  assume  
124,  assure  
125,  astonish  
126,  astonished  
127,  at  
128,  attach  
129,  attempt  
130,  attend  
131,  attends  
132,  attention  
133,  attitude  
134,  attract  
135,  attracted  
136,  auction  
137,  autumn  
138,  avoid  
139,  awake  
140,  away  
141,  awkward  
142,  awoke  
143,  b  
144,  baby  
145,  back  
146,  bad  
147,  bagieau  
148,  bagkeau  
149,  bagkeay  
150,  bagleay  
151,  bake  
152,  baked  
153,  ball  
154,  ban  
155,  basis  
156,  bat  
157,  bathe  
158,  be  
159,  beans  
160,  bear  
161,  beat  
162,  beautiful  
163,  became  
164,  because  
165,  become  
166,  becomes  
167,  bed  
168,  bedroom  
169,  bee  
170,  been  
171,  beer  
172,  before  
173,  beg  
174,  begin  
175,  behave  
176,  behaves  
177,  being  
178,  believe  
179,  believed  
180,  believes  
181,  belong  
182,  belongs  
183,  below  
184,  bend  
185,  bengal  
186,  best  
187,  bet  
188,  better  
189,  between  
190,  bicycle  
191,  big  
192,  bills  
193,  bind  
194,  bird  
195,  birthday  
196,  bit  
197,  bite  
198,  bitten  
199,  black  
200,  blew  
201,  blow  
202,  blue  
203,  blueshift  
204,  bneawe  
205,  body  
206,  boil  
207,  bonn  
208,  book  
209,  books  
210,  borrow  
211,  boston  
212,  both  
213,  bottom  
214,  bounce  
215,  bow  
216,  bowed  
217,  box  
218,  boxes  
219,  br  
220,  break  
221,  breathe  
222,  breed  
223,  brief  
224,  briefly  
225,  bring  
226,  broadcast  
227,  broke  
228,  brought  
229,  build  
230,  building  
231,  built  
232,  burn  
233,  burned  
234,  burst  
235,  business  
236,  but  
237,  buy  
238,  buying  
239,  by  
240,  c  
241,  cafeteria  
242,  cake  
243,  calcatta  
244,  calculate  
245,  calcutta  
246,  call  
247,  called  
248,  calls  
249,  came  
250,  camera  
251,  camp  
252,  can  
253,  candies  
254,  candle  
255,  car  
256,  cards  
257,  care  
258,  carlos  
259,  carry  
260,  cars  
261,  case  
262,  cash  
263,  catch  
264,  categories  
265,  caught  
266,  celebrate  
267,  celebrating  
268,  centimeters  
269,  centre  
270,  century  
271,  certain  
272,  certainly  
273,  challenge  
274,  change  
275,  changed  
276,  changes  
277,  changing  
278,  chantal  
279,  chapter  
280,  child  
281,  children  
282,  choose  
283,  chop  
284,  chopped  
285,  city  
286,  claim  
287,  claims  
288,  class  
289,  clean  
290,  cleaning  
291,  climb  
292,  climbed  
293,  cling  
294,  close  
295,  clothes  
296,  club  
297,  clung  
298,  coat  
299,  coffee  
300,  cold  
301,  collect  
302,  collection  
303,  college  
304,  colour  
305,  com  
306,  combined  
307,  come  
308,  comes  
309,  coming  
310,  commit  
311,  committee  
312,  communicate  
313,  companies  
314,  compare  
315,  compared  
316,  compete  
317,  competed  
318,  complain  
319,  complained  
320,  complete  
321,  completed  
322,  comprehend  
323,  computer  
324,  concern  
325,  concerned  
326,  confidence  
327,  confirm  
328,  confirmed  
329,  confuse  
330,  conscripts  
331,  consent  
332,  consider  
333,  consist  
334,  consists  
335,  consult  
336,  contact  
337,  contain  
338,  contains  
339,  continue  
340,  continuous  
341,  control  
342,  convince  
343,  convinced  
344,  cook  
345,  cooked  
346,  cooking  
347,  copying  
348,  correctly  
349,  cost  
350,  could  
351,  couldn  
352,  count  
353,  counting  
354,  countries  
355,  country  
356,  course  
357,  courses  
358,  crash  
359,  crawl  
360,  crawled  
361,  create  
362,  created  
363,  creep  
364,  crept  
365,  cricket  
366,  crimes  
367,  criticize  
368,  criticized  
369,  crowd  
370,  cry  
371,  crying  
372,  curse  
373,  customers  
374,  cut  
375,  d  
376,  dance  
377,  dare  
378,  darkness  
379,  david  
380,  day  
381,  daybreak  
382,  days  
383,  deal  
384,  dealt  
385,  death  
386,  debate  
387,  decide  
388,  decided  
389,  decision  
390,  defer  
391,  deferred  
392,  definition  
393,  delay  
394,  deliver  
395,  delivered  
396,  delivery  
397,  demand  
398,  denied  
399,  deny  
400,  depend  
401,  depending  
402,  describe  
403,  describes  
404,  deserve  
405,  desire  
406,  dessert  
407,  destroy  
408,  destroyed  
409,  determine  
410,  determined  
411,  develop  
412,  develops  
413,  dexterity  
414,  dictionary  
415,  did  
416,  didn  
417,  diet  
418,  differ  
419,  different  
420,  differs  
421,  difficult  
422,  difficulties  
423,  dinner  
424,  disagree  
425,  discover  
426,  discovered  
427,  discuss  
428,  discussed  
429,  dislike  
430,  distribute  
431,  distributed  
432,  dive  
433,  do  
434,  doctor  
435,  does  
436,  doesn  
437,  dog  
438,  doing  
439,  don  
440,  done  
441,  donna  
442,  door  
443,  dormitory  
444,  doubt  
445,  down  
446,  drag  
447,  drastic  
448,  drawing  
449,  dream  
450,  dreamt  
451,  dried  
452,  drill  
453,  drink  
454,  drive  
455,  drives  
456,  drkq  
457,  drop  
458,  dropped  
459,  dry  
460,  e  
461,  each  
462,  early  
463,  earn  
464,  earns  
465,  easier  
466,  easiest  
467,  easily  
468,  eat  
469,  eating  
470,  economic  
471,  economy  
472,  egg  
473,  either  
474,  elbow  
475,  elbows  
476,  elected  
477,  electricity  
478,  eleven  
479,  eliminate  
480,  else  
481,  embarrassed  
482,  emma  
483,  emotions  
484,  emphasize  
485,  enable  
486,  enables  
487,  encourage  
488,  encouraged  
489,  encyclopedia  
490,  enemy  
491,  energy  
492,  engage  
493,  engaged  
494,  english  
495,  enhance  
496,  enjoy  
497,  ensure  
498,  entail  
499,  entails  
500,  enter  
501,  entered  
502,  ere  
503,  esrc  
504,  establish  
505,  established  
506,  even  
507,  every  
508,  everybody  
509,  everyday  
510,  everything  
511,  exactly  
512,  exam  
513,  examine  
514,  examined  
515,  examples  
516,  exercise  
517,  exist  
518,  expand  
519,  expanding  
520,  expect  
521,  experience  
522,  experiment  
523,  experimenting  
524,  explain  
525,  explanation  
526,  explore  
527,  explored  
528,  expresses  
529,  extend  
530,  extended  
531,  eye  
532,  eyes  
533,  f  
534,  face  
535,  facilities  
536,  fail  
537,  fairs  
538,  fall  
539,  famous  
540,  farmer  
541,  farmers  
542,  fast  
543,  father  
544,  fed  
545,  feed  
546,  feel  
547,  feelings  
548,  feels  
549,  fell  
550,  felt  
551,  festivals  
552,  fight  
553,  figure  
554,  finance  
555,  finances  
556,  find  
557,  finds  
558,  finger  
559,  finish  
560,  finished  
561,  fire  
562,  first  
563,  fish  
564,  fist  
565,  fit  
566,  five  
567,  flag  
568,  flat  
569,  floor  
570,  fly  
571,  fold  
572,  folded  
573,  follow  
574,  following  
575,  foot  
576,  footing  
577,  for  
578,  forbid  
579,  forget  
580,  forgive  
581,  forgiven  
582,  form  
583,  forth  
584,  found  
585,  france  
586,  freeze  
587,  freezing  
588,  french  
589,  frequently  
590,  fried  
591,  friends  
592,  from  
593,  front  
594,  fry  
595,  frznzqj  
596,  function  
597,  future  
598,  g  
599,  gain  
600,  game  
601,  gave  
602,  generate  
603,  generates  
604,  german  
605,  get  
606,  gets  
607,  getting  
608,  gfhcl  
609,  gif  
610,  girl  
611,  give  
612,  given  
613,  gives  
614,  giving  
615,  gj  
616,  glass  
617,  glossary  
618,  gloves  
619,  go  
620,  goes  
621,  going  
622,  gold  
623,  gone  
624,  good  
625,  got  
626,  gotten  
627,  grammar  
628,  grandfather  
629,  grapes  
630,  great  
631,  grind  
632,  group  
633,  grow  
634,  gy  
635,  h  
636,  habits  
637,  had  
638,  hand  
639,  hands  
640,  hang  
641,  happen  
642,  happened  
643,  happening  
644,  happens  
645,  hard  
646,  has  
647,  hate  
648,  hated  
649,  have  
650,  having  
651,  hc  
652,  he  
653,  hear  
654,  heard  
655,  hearty  
656,  heavy  
657,  height  
658,  hello  
659,  help  
660,  her  
661,  here  
662,  heritage  
663,  hesitate  
664,  hide  
665,  hiding  
666,  him  
667,  himself  
668,  hindu  
669,  his  
670,  historians  
671,  hit  
672,  hmbhacybkuq  
673,  hold  
674,  holding  
675,  home  
676,  hop  
677,  hope  
678,  hoped  
679,  horse  
680,  hosted  
681,  hotel  
682,  hotels  
683,  hour  
684,  house  
685,  how  
686,  however  
687,  href  
688,  hspace  
689,  https  
690,  hug  
691,  hungry  
692,  hurricane  
693,  hurry  
694,  hurt  
695,  i  
696,  idea  
697,  identified  
698,  identify  
699,  if  
700,  ignorance  
701,  ignore  
702,  ignored  
703,  illustrate  
704,  image  
705,  images  
706,  imagine  
707,  img  
708,  immature  
709,  implies  
710,  imply  
711,  important  
712,  impress  
713,  impressed  
714,  improve  
715,  in  
716,  inc  
717,  include  
718,  includes  
719,  incorporate  
720,  incorporated  
721,  increase  
722,  indian  
723,  indicate  
724,  indicates  
725,  infinitive  
726,  inform  
727,  information  
728,  insert  
729,  insist  
730,  insisted  
731,  install  
732,  installment  
733,  instead  
734,  instructions  
735,  intend  
736,  intended  
737,  intention  
738,  interest  
739,  into  
740,  introduce  
741,  introductory  
742,  invest  
743,  invested  
744,  investigate  
745,  investors  
746,  involve  
747,  involves  
748,  iron  
749,  is  
750,  island  
751,  isn  
752,  it  
753,  its  
754,  iv  
755,  j  
756,  jack  
757,  jackpot  
758,  jain  
759,  jam  
760,  jazz  
761,  jeans  
762,  jim  
763,  job  
764,  joe  
765,  jog  
766,  john  
767,  join  
768,  jump  
769,  jungle  
770,  just  
771,  justify  
772,  k  
773,  kannikeswaran  
774,  keep  
775,  ken  
776,  kick  
777,  kids  
778,  kiss  
779,  kisvka  
780,  kitchen  
781,  kneel  
782,  knees  
783,  knew  
784,  knife  
785,  knit  
786,  know  
787,  known  
788,  knows  
789,  kolkata  
790,  l  
791,  labor  
792,  laboratory  
793,  lack  
794,  laid  
795,  lamp  
796,  large  
797,  late  
798,  later  
799,  laugh  
800,  laughing  
801,  lawn  
802,  lawyer  
803,  lay  
804,  ld  
805,  lead  
806,  leads  
807,  leaflets  
808,  lean  
809,  leaned  
810,  leap  
811,  leapt  
812,  learn  
813,  learned  
814,  learning  
815,  leave  
816,  leaves  
817,  leaving  
818,  legends  
819,  legs  
820,  lend  
821,  lent  
822,  let  
823,  lets  
824,  letters  
825,  library  
826,  lie  
827,  life  
828,  lift  
829,  light  
830,  like  
831,  liked  
832,  likes  
833,  list  
834,  listen  
835,  lists  
836,  literally  
837,  little  
838,  live  
839,  lived  
840,  living  
841,  ll  
842,  lnzsdb  
843,  location  
844,  lock  
845,  longer  
846,  look  
847,  looked  
848,  looks  
849,  lose  
850,  loss  
851,  lost  
852,  lot  
853,  loudly  
854,  love  
855,  loves  
856,  lunch  
857,  lying  
858,  m  
859,  machine  
860,  made  
861,  maintain  
862,  maintained  
863,  make  
864,  makes  
865,  making  
866,  man  
867,  manage  
868,  mandir  
869,  many  
870,  mark  
871,  marriage  
872,  marry  
873,  mary  
874,  mastermind  
875,  math  
876,  matter  
877,  may  
878,  me  
879,  mean  
880,  meaning  
881,  means  
882,  meant  
883,  measure  
884,  measures  
885,  medicine  
886,  meet  
887,  meeting  
888,  meets  
889,  meg  
890,  melt  
891,  melted  
892,  mental  
893,  mention  
894,  mentioned  
895,  menu  
896,  met  
897,  meters  
898,  middle  
899,  midnight  
900,  might  
901,  military  
902,  mind  
903,  miner  
904,  minister  
905,  minutes  
906,  miss  
907,  missed  
908,  mistake  
909,  mix  
910,  money  
911,  more  
912,  morning  
913,  mosquitoes  
914,  mostly  
915,  mountain  
916,  mouth  
917,  move  
918,  movie  
919,  mow  
920,  mowed  
921,  mr  
922,  much  
923,  mud  
924,  muffins  
925,  murderer  
926,  muscles  
927,  must  
928,  mustn  
929,  mutt  
930,  my  
931,  myself  
932,  myths  
933,  n  
934,  name  
935,  nbsp  
936,  near  
937,  need  
938,  needed  
939,  needs  
940,  neglect  
941,  negotiate  
942,  negotiated  
943,  net  
944,  never  
945,  new  
946,  news  
947,  newspaper  
948,  next  
949,  night  
950,  nights  
951,  nine  
952,  no  
953,  nose  
954,  nosh  
955,  not  
956,  notice  
957,  now  
958,  nun  
959,  nurse  
960,  o  
961,  observe  
962,  obtain  
963,  obtained  
964,  occur  
965,  occurred  
966,  occurrence  
967,  of  
968,  offer  
969,  offered  
970,  often  
971,  oil  
972,  ok  
973,  old  
974,  on  
975,  once  
976,  one  
977,  ones  
978,  onto  
979,  open  
980,  operate  
981,  opinion  
982,  or  
983,  order  
984,  organize  
985,  other  
986,  others  
987,  ought  
988,  our  
989,  ours  
990,  out  
991,  outside  
992,  over  
993,  overcome  
994,  overtake  
995,  overtook  
996,  owe  
997,  owes  
998,  own  
999,  p  
1000,  packaged  
1001,  painful  
1002,  pains  
1003,  paint  
1004,  painted  
1005,  painting  
1006,  pair  
1007,  pan  
1008,  pants  
1009,  paper  
1010,  papers  
1011,  paris  
1012,  parked  
1013,  parking  
1014,  part  
1015,  participate  
1016,  participated  
1017,  particle  
1018,  particular  
1019,  parts  
1020,  party  
1021,  pass  
1022,  past  
1023,  patients  
1024,  pattern  
1025,  pay  
1026,  paying  
1027,  payment  
1028,  pb  
1029,  pd  
1030,  pea  
1031,  peel  
1032,  peeled  
1033,  pen  
1034,  pencils  
1035,  people  
1036,  perfect  
1037,  perfectly  
1038,  perform  
1039,  performs  
1040,  permission  
1041,  personal  
1042,  persuade  
1043,  persuaded  
1044,  peter  
1045,  phone  
1046,  photo  
1047,  picture  
1048,  pictures  
1049,  piece  
1050,  pinch  
1051,  pinched  
1052,  pink  
1053,  pious  
1054,  pistol  
1055,  pizza  
1056,  place  
1057,  plan  
1058,  plane  
1059,  plat  
1060,  play  
1061,  players  
1062,  playing  
1063,  please  
1064,  pocket  
1065,  pods  
1066,  point  
1067,  pointed  
1068,  poland  
1069,  police  
1070,  pool  
1071,  poor  
1072,  possess  
1073,  possesses  
1074,  possession  
1075,  possible  
1076,  possibly  
1077,  post  
1078,  postpone  
1079,  postponed  
1080,  pounds  
1081,  pour  
1082,  poured  
1083,  practice  
1084,  prefer  
1085,  prefers  
1086,  prepare  
1087,  prepared  
1088,  prescribe  
1089,  present  
1090,  pretend  
1091,  pretending  
1092,  pretty  
1093,  prevent  
1094,  prevented  
1095,  previous  
1096,  price  
1097,  prize  
1098,  problem  
1099,  procedure  
1100,  proceed  
1101,  promise  
1102,  promised  
1103,  propose  
1104,  protect  
1105,  protecting  
1106,  prove  
1107,  provide  
1108,  pull  
1109,  pulled  
1110,  punch  
1111,  pursue  
1112,  pursued  
1113,  push  
1114,  pushing  
1115,  put  
1116,  puts  
1117,  putting  
1118,  q  
1119,  qualified  
1120,  qualify  
1121,  questions  
1122,  quickly  
1123,  quiet  
1124,  quietly  
1125,  quit  
1126,  quits  
1127,  r  
1128,  rabbits  
1129,  rain  
1130,  raisins  
1131,  rapidly  
1132,  ray  
1133,  rct  
1134,  re  
1135,  react  
1136,  reacted  
1137,  read  
1138,  realise  
1139,  realize  
1140,  really  
1141,  recall  
1142,  receipt  
1143,  receive  
1144,  received  
1145,  receiving  
1146,  recently  
1147,  recognise  
1148,  recollect  
1149,  recommend  
1150,  red  
1151,  reduce  
1152,  refer  
1153,  referring  
1154,  refers  
1155,  reflect  
1156,  reflected  
1157,  reform  
1158,  refuse  
1159,  refused  
1160,  regret  
1161,  regular  
1162,  relate  
1163,  related  
1164,  relax  
1165,  relieve  
1166,  relieved  
1167,  rely  
1168,  remain  
1169,  remained  
1170,  remarkable  
1171,  remember  
1172,  remembered  
1173,  remind  
1174,  reminds  
1175,  repair  
1176,  repaired  
1177,  repeating  
1178,  replace  
1179,  replaced  
1180,  report  
1181,  represent  
1182,  represented  
1183,  require  
1184,  requires  
1185,  resent  
1186,  reserved  
1187,  resist  
1188,  respectively  
1189,  responsible  
1190,  restaurants  
1191,  results  
1192,  retain  
1193,  retire  
1194,  returning  
1195,  review  
1196,  rich  
1197,  rid  
1198,  ride  
1199,  rides  
1200,  right  
1201,  rights  
1202,  ring  
1203,  ringing  
1204,  rise  
1205,  risk  
1206,  risked  
1207,  river  
1208,  rjlakdi  
1209,  road  
1210,  roast  
1211,  roasting  
1212,  room  
1213,  ruins  
1214,  rule  
1215,  rules  
1216,  run  
1217,  ryder  
1218,  s  
1219,  sa  
1220,  safe  
1221,  safety  
1222,  said  
1223,  salad  
1224,  salty  
1225,  same  
1226,  sample  
1227,  sanction  
1228,  sandwich  
1229,  sank  
1230,  satisfied  
1231,  satisfy  
1232,  save  
1233,  saw  
1234,  say  
1235,  says  
1236,  school  
1237,  scraped  
1238,  scrub  
1239,  second  
1240,  sections  
1241,  see  
1242,  seeds  
1243,  seeing  
1244,  seem  
1245,  seems  
1246,  seen  
1247,  sees  
1248,  sell  
1249,  send  
1250,  sending  
1251,  sense  
1252,  sentence  
1253,  sentences  
1254,  serve  
1255,  service  
1256,  set  
1257,  settle  
1258,  settled  
1259,  sew  
1260,  sewing  
1261,  sf  
1262,  shake  
1263,  shall  
1264,  she  
1265,  shed  
1266,  shine  
1267,  shined  
1268,  ship  
1269,  shoes  
1270,  shook  
1271,  shoot  
1272,  should  
1273,  show  
1274,  shows  
1275,  shrank  
1276,  shrink  
1277,  shut  
1278,  sick  
1279,  silence  
1280,  simple  
1281,  simplest  
1282,  simply  
1283,  sing  
1284,  singing  
1285,  single  
1286,  sink  
1287,  sit  
1288,  site  
1289,  size  
1290,  ski  
1291,  skiing  
1292,  sky  
1293,  sleep  
1294,  slept  
1295,  slice  
1296,  slid  
1297,  slide  
1298,  slightly  
1299,  slip  
1300,  slipped  
1301,  slippery  
1302,  small  
1303,  smell  
1304,  smells  
1305,  smile  
1306,  smoke  
1307,  smoking  
1308,  snore  
1309,  snored  
1310,  snow  
1311,  so  
1312,  soccer  
1313,  solve  
1314,  solved  
1315,  some  
1316,  something  
1317,  soon  
1318,  soup  
1319,  sow  
1320,  span  
1321,  speak  
1322,  speaks  
1323,  special  
1324,  specially  
1325,  specify  
1326,  speech  
1327,  speed  
1328,  spell  
1329,  spellbinding  
1330,  spend  
1331,  spent  
1332,  spill  
1333,  spilled  
1334,  spin  
1335,  spit  
1336,  spits  
1337,  spoon  
1338,  sports  
1339,  spot  
1340,  spread  
1341,  spring  
1342,  spy  
1343,  squat  
1344,  squatted  
1345,  src  
1346,  sri  
1347,  stack  
1348,  stand  
1349,  start  
1350,  started  
1351,  state  
1352,  stay  
1353,  stead  
1354,  steal  
1355,  stick  
1356,  still  
1357,  sting  
1358,  stink  
1359,  stinks  
1360,  stir  
1361,  stirred  
1362,  stocks  
1363,  stolen  
1364,  stop  
1365,  straightforward  
1366,  strawberry  
1367,  stretch  
1368,  stretching  
1369,  strike  
1370,  struck  
1371,  structure  
1372,  struggle  
1373,  struggled  
1374,  stuck  
1375,  studies  
1376,  study  
1377,  stung  
1378,  subject  
1379,  submit  
1380,  submitted  
1381,  succeed  
1382,  success  
1383,  such  
1384,  suffer  
1385,  suffered  
1386,  suggest  
1387,  suggested  
1388,  suitcase  
1389,  sun  
1390,  sunbed  
1391,  supervisor  
1392,  supplied  
1393,  supply  
1394,  suppose  
1395,  supposed  
1396,  sure  
1397,  surfboard  
1398,  surprise  
1399,  surprised  
1400,  surrounding  
1401,  survive  
1402,  survived  
1403,  susan  
1404,  swear  
1405,  sweater  
1406,  sweep  
1407,  swell  
1408,  swelled  
1409,  swim  
1410,  swimming  
1411,  swims  
1412,  swing  
1413,  swinging  
1414,  t  
1415,  table  
1416,  tablecloth  
1417,  take  
1418,  taken  
1419,  takes  
1420,  taking  
1421,  talk  
1422,  talked  
1423,  talking  
1424,  talks  
1425,  task  
1426,  taste  
1427,  tastes  
1428,  td  
1429,  tea  
1430,  teach  
1431,  teacher  
1432,  team  
1433,  tear  
1434,  technology  
1435,  tell  
1436,  tells  
1437,  temple  
1438,  templenet  
1439,  temples  
1440,  tend  
1441,  tendency  
1442,  tends  
1443,  tennis  
1444,  tense  
1445,  tenses  
1446,  terms  
1447,  test  
1448,  testing  
1449,  th  
1450,  than  
1451,  thank  
1452,  thanked  
1453,  thanks  
1454,  that  
1455,  the  
1456,  theatre  
1457,  their  
1458,  them  
1459,  themselves  
1460,  then  
1461,  theory  
1462,  there  
1463,  these  
1464,  thesis  
1465,  they  
1466,  things  
1467,  think  
1468,  thinking  
1469,  thinks  
1470,  third  
1471,  thirst  
1472,  this  
1473,  thoroughly  
1474,  those  
1475,  thought  
1476,  threaten  
1477,  threatened  
1478,  three  
1479,  threw  
1480,  through  
1481,  throughout  
1482,  throw  
1483,  tim  
1484,  time  
1485,  times  
1486,  tipping  
1487,  tiptoe  
1488,  tiptoed  
1489,  tired  
1490,  to  
1491,  toast  
1492,  today  
1493,  toilet  
1494,  told  
1495,  tolerate  
1496,  tom  
1497,  tomorrow  
1498,  too  
1499,  took  
1500,  top  
1501,  tore  
1502,  totally  
1503,  tour  
1504,  tourism  
1505,  toward  
1506,  toxins  
1507,  tracey  
1508,  tradition  
1509,  train  
1510,  translate  
1511,  translated  
1512,  travel  
1513,  travelling  
1514,  treaty  
1515,  tree  
1516,  trees  
1517,  tried  
1518,  tries  
1519,  trouble  
1520,  truck  
1521,  truth  
1522,  try  
1523,  tv  
1524,  twenty  
1525,  twice  
1526,  two  
1527,  u  
1528,  under  
1529,  understand  
1530,  union  
1531,  university  
1532,  unlike  
1533,  unlikely  
1534,  unlucky  
1535,  up  
1536,  url  
1537,  us  
1538,  use  
1539,  used  
1540,  usg  
1541,  using  
1542,  usually  
1543,  v  
1544,  vacuum  
1545,  vacuumed  
1546,  valuable  
1547,  value  
1548,  variety  
1549,  various  
1550,  vary  
1551,  ve  
1552,  ved  
1553,  verb  
1554,  verbs  
1555,  verse  
1556,  version  
1557,  vertrule  
1558,  very  
1559,  violet  
1560,  visit  
1561,  visiting  
1562,  vocabulary  
1563,  volunteer  
1564,  vote  
1565,  wait  
1566,  waiter  
1567,  wake  
1568,  walk  
1569,  wall  
1570,  want  
1571,  wanted  
1572,  wants  
1573,  warm  
1574,  warn  
1575,  was  
1576,  wash  
1577,  washed  
1578,  watch  
1579,  watched  
1580,  watching  
1581,  wave  
1582,  waved  
1583,  way  
1584,  we  
1585,  wealth  
1586,  wear  
1587,  weather  
1588,  webmaster  
1589,  website  
1590,  week  
1591,  weekend  
1592,  weep  
1593,  weigh  
1594,  weighs  
1595,  welcome  
1596,  well  
1597,  went  
1598,  wept  
1599,  were  
1600,  west  
1601,  what  
1602,  when  
1603,  where  
1604,  whether  
1605,  which  
1606,  while  
1607,  whip  
1608,  whipped  
1609,  white  
1610,  who  
1611,  whole  
1612,  whom  
1613,  why  
1614,  width  
1615,  will  
1616,  win  
1617,  windows  
1618,  wish  
1619,  wishes  
1620,  with  
1621,  within  
1622,  without  
1623,  wizard  
1624,  wkr  
1625,  wnd  
1626,  woman  
1627,  won  
1628,  word  
1629,  words  
1630,  wore  
1631,  work  
1632,  workers  
1633,  works  
1634,  world  
1635,  worrying  
1636,  would  
1637,  wouldn  
1638,  write  
1639,  writing  
1640,  written  
1641,  wvwhlxvtraoc  
1642,  www  
1643,  x  
1644,  xerox  
1645,  xlloxe  
1646,  xwh  
1647,  yard  
1648,  year  
1649,  years  
1650,  yen  
1651,  yesterday  
1652,  yet  
1653,  you  
1654,  young  
1655,  your  
1656,  yours  
1657,  yourself  
1658,  yua  
1659,  z  
1660,  zaqy  
1661,  zebra  
1662,  zick  
1663,  zoo  
1664,  zoom  
1665,  zy  
1666,buddhist
1667,oldest
1668,uttarakhand
1669,commission
1670,law
1671,conducted
1672,cities
1673,crosshair
1674,yogi
1675,government
1676,survey
1677,conducted
1678,hindus
1679,architectural
1680,expertise
1681,besides
1682,assi
1683,stream
1684,devotees
1685,dip
1686,ganga
1687,nearby
1688,respects
1689,holiest
1690,towns
1691,most
1692,sacred
1693,uttar
1694,pradesh
1695,ayodhya
1696,towns
1697,most
1698,sacred
1699,shri
1700,shree
